Datetime,Water Level (m)
2026-08-12 00:00:00,-0.29104096
2026-08-12 01:00:00,-0.54007185
2026-08-12 02:00:00,-0.56792337
2026-08-12 03:00:00,0.29706377
2026-08-12 04:00:00,1.1025239
2026-08-12 05:00:00,1.5887245
2026-08-12 06:00:00,1.9612035
2026-08-12 07:00:00,2.1530294
2026-08-12 08:00:00,2.0376537
2026-08-12 09:00:00,1.560455
2026-08-12 10:00:00,1.0797453
2026-08-12 11:00:00,0.63542515
2026-08-12 12:00:00,0.18005402
2026-08-12 13:00:00,-0.24292968
2026-08-12 14:00:00,-0.56226104
2026-08-12 15:00:00,-0.5738071
2026-08-12 16:00:00,0.56766933
2026-08-12 17:00:00,1.3106084
2026-08-12 18:00:00,1.6473765
2026-08-12 19:00:00,1.7931882
2026-08-12 20:00:00,1.8035779
2026-08-12 21:00:00,1.4730133
2026-08-12 22:00:00,1.0017763
2026-08-12 23:00:00,0.57101065
2026-08-13 00:00:00,0.13398908
2026-08-13 01:00:00,-0.267331
2026-08-13 02:00:00,-0.55741405
2026-08-13 03:00:00,-0.56963885
2026-08-13 04:00:00,0.66909677
2026-08-13 05:00:00,1.4862101
2026-08-13 06:00:00,1.9658858
2026-08-13 07:00:00,2.2752397
2026-08-13 08:00:00,2.3989828
2026-08-13 09:00:00,2.1340396
2026-08-13 10:00:00,1.6349659
2026-08-13 11:00:00,1.1349901
2026-08-13 12:00:00,0.6395706
2026-08-13 13:00:00,0.17270155
2026-08-13 14:00:00,-0.22867402
2026-08-13 15:00:00,-0.5150527
2026-08-13 16:00:00,-0.35315794
2026-08-13 17:00:00,0.9780111
2026-08-13 18:00:00,1.6587473
2026-08-13 19:00:00,1.9354646
2026-08-13 20:00:00,2.0093958
2026-08-13 21:00:00,1.8670334
2026-08-13 22:00:00,1.41968
2026-08-13 23:00:00,0.9804956
2026-08-14 00:00:00,0.5418891
2026-08-14 01:00:00,0.10067074
2026-08-14 02:00:00,-0.28188357
2026-08-14 03:00:00,-0.5503279
2026-08-14 04:00:00,-0.46752986
2026-08-14 05:00:00,0.90973413
2026-08-14 06:00:00,1.6890781
2026-08-14 07:00:00,2.0965827
2026-08-14 08:00:00,2.2946494
2026-08-14 09:00:00,2.2386801
2026-08-14 10:00:00,1.8009108
2026-08-14 11:00:00,1.322589
2026-08-14 12:00:00,0.84919137
2026-08-14 13:00:00,0.38299018
2026-08-14 14:00:00,-0.047148395
2026-08-14 15:00:00,-0.4001332
2026-08-14 16:00:00,-0.6028681
2026-08-14 17:00:00,0.15957224
2026-08-14 18:00:00,1.2586052
2026-08-14 19:00:00,1.776826
2026-08-14 20:00:00,1.9657564
2026-08-14 21:00:00,2.0059478
2026-08-14 22:00:00,1.7496613
2026-08-14 23:00:00,1.272708
2026-08-15 00:00:00,0.8268013
2026-08-15 01:00:00,0.37215406
2026-08-15 02:00:00,-0.05262345
2026-08-15 03:00:00,-0.4029992
2026-08-15 04:00:00,-0.6103306
2026-08-15 05:00:00,0.059476063
2026-08-15 06:00:00,1.2559103
2026-08-15 07:00:00,1.8511037
2026-08-15 08:00:00,2.1439595
2026-08-15 09:00:00,2.2703369
2026-08-15 10:00:00,2.0833585
2026-08-15 11:00:00,1.6251297
2026-08-15 12:00:00,1.1644377
2026-08-15 13:00:00,0.6935548
2026-08-15 14:00:00,0.25171307
2026-08-15 15:00:00,-0.12553859
2026-08-15 16:00:00,-0.4166487
2026-08-15 17:00:00,-0.41912043
2026-08-15 18:00:00,0.79365975
2026-08-15 19:00:00,1.5310909
2026-08-15 20:00:00,1.885636
2026-08-15 21:00:00,2.026007
2026-08-15 22:00:00,1.9817022
2026-08-15 23:00:00,1.5854552
2026-08-16 00:00:00,1.142052
2026-08-16 01:00:00,0.71456623
2026-08-16 02:00:00,0.2808267
2026-08-16 03:00:00,-0.10774016
2026-08-16 04:00:00,-0.39945218
2026-08-16 05:00:00,-0.47091207
2026-08-16 06:00:00,0.6169322
2026-08-16 07:00:00,1.4431287
2026-08-16 08:00:00,1.8651594
2026-08-16 09:00:00,2.051118
2026-08-16 10:00:00,2.0884252
2026-08-16 11:00:00,1.7684597
2026-08-16 12:00:00,1.3056422
2026-08-16 13:00:00,0.8614557
2026-08-16 14:00:00,0.4164016
2026-08-16 15:00:00,0.012396239
2026-08-16 16:00:00,-0.3247486
2026-08-16 17:00:00,-0.5246555
2026-08-16 18:00:00,0.030148638
2026-08-16 19:00:00,1.0953329
2026-08-16 20:00:00,1.6074244
2026-08-16 21:00:00,1.8290149
2026-08-16 22:00:00,1.9249406
2026-08-16 23:00:00,1.7914393
2026-08-17 00:00:00,1.367448
2026-08-17 01:00:00,0.9597178
2026-08-17 02:00:00,0.54689705
2026-08-17 03:00:00,0.15208916
2026-08-17 04:00:00,-0.18359792
2026-08-17 05:00:00,-0.386653
2026-08-17 06:00:00,-0.08275481
2026-08-17 07:00:00,0.98635995
2026-08-17 08:00:00,1.5288299
2026-08-17 09:00:00,1.7720045
2026-08-17 10:00:00,1.8792636
2026-08-17 11:00:00,1.8064127
2026-08-17 12:00:00,1.4101139
2026-08-17 13:00:00,0.9944872
2026-08-17 14:00:00,0.5871042
2026-08-17 15:00:00,0.18729642
2026-08-17 16:00:00,-0.15860769
2026-08-17 17:00:00,-0.405736
2026-08-17 18:00:00,-0.3869517
2026-08-17 19:00:00,0.5693543
2026-08-17 20:00:00,1.2507808
2026-08-17 21:00:00,1.5844353
2026-08-17 22:00:00,1.7458525
2026-08-17 23:00:00,1.808591
2026-08-18 00:00:00,1.5730658
